Michael,T,Minella,1222 Edward Road,Naperville,IL,60540,devyonghee@gmail.com
Ann,A,Smith,2501 Mt. Lee Drive,Miami,NE,62935,devyonghee@gmail.com
Laura,B,Jobs,9542 Isabella Ave,Aurora,FL,62344,devyonghee@gmail.com
Harry,J,Williams,1909 4th Street,Seatle,TX,48548,devyonghee@gmail.com
Larry,Y,Minella,7839 S. Greenwood Ave,Miami,IL,65371,devyonghee@gmail.com
Richard,Q,Jobs,9732 4th Street,Chicago,NV,31320,devyonghee@gmail.com
Ann,P,Darrow,4195 Jeopardy Lane,Aurora,CA,24482,devyonghee@gmail.com
Larry,V,Williams,3075 Wall Street,St. Louis,NY,34205,devyonghee@gmail.com
Michael,H,Gates,3219 S. Greenwood Ave,Boston,FL,24692,devyonghee@gmail.com
Harry,H,Johnson,7520 Infinite Loop Drive,Hollywood,MA,83983,devyonghee@gmail.com
Harry,N,Ellison,6959 4th Street,Hollywood,MO,70398,devyonghee@gmail.com
